1,1
2021-07-20 02:26:20,1417074128826208258
2021-07-20 02:26:28,1417173790165901331
2021-08-01 03:48:08,1421543092662849536
2021-08-01 03:56:48,1421545331284606980
2021-08-01 03:58:03,1421545641214300161
2021-08-01 04:02:53,1421546879569907713
2021-08-01 04:03:31,1421547023795298309
2021-08-01 04:06:58,1421547931186855939
2021-08-02 15:24:13,1422080718994165763
2021-08-02 15:24:55,1422080921939763205
2021-08-02 15:35:51,1422083657049640967
2021-08-02 15:36:31,1422083829724958722
2021-08-02 15:43:41,1422085644348583936
2021-08-02 15:44:21,1422085775152189443
2021-08-02 15:45:53,1422086151993655297
2021-08-02 16:37:28,1422099188628692996
2021-08-02 16:38:10,1422099359810744326
2021-08-02 16:39:34,1422099685586522114
2021-08-02 16:40:58,1422100039954952197
2021-08-02 16:44:35,1422100967672082437
2021-08-02 16:45:13,1422101135985315841
2021-08-02 16:47:16,1422101587678269446
2021-08-02 16:53:13,1422103116644720655
2021-08-02 16:53:51,1422103306143297541
2021-08-02 16:55:26,1422103696180080641
2021-08-02 16:56:46,1422104044517003264
2021-08-02 16:58:00,1422104154642599939
2021-08-02 16:59:09,1422104548479410179
2021-08-02 17:00:18,1422104907704803329
2021-08-02 17:05:32,1422106231544500224
2021-08-02 17:06:12,1422106431042424834
2021-08-02 17:06:49,1422106522574680065
2021-08-02 17:09:36,1422107222377603078
2021-08-02 17:10:17,1422107410462777345
2021-08-02 17:10:54,1422107568218918915
2021-08-02 17:13:13,1422108124215791616
2021-08-02 17:13:55,1422108300959641606
2021-08-02 17:14:37,1422108493226549252
2021-08-02 17:15:13,1422108613200420865
2021-08-02 22:35:48,1422189341418278912
2021-08-02 22:39:41,1422190288554975235
2021-08-02 22:41:50,1422190801400918019
2021-08-02 22:41:57,1422190877162627074
2021-08-02 22:42:36,1422190939536166914
2021-08-02 22:42:45,1422190990719275010
2021-08-02 22:42:53,1422191059954585601
2021-08-02 22:43:31,1422191111599099910
2021-08-02 22:43:39,1422191114220568577
2021-08-02 22:43:47,1422191120532922368
2021-08-02 22:43:55,1422191160060088322
2021-08-02 22:46:04,1422191914577645568
2021-08-02 22:52:34,1422193491518451721
2021-08-02 22:54:13,1422193948106264582
2021-08-02 22:54:51,1422194050556305413
2021-08-02 22:54:58,1422194158869962754
2021-08-02 22:55:35,1422194284468445197
2021-08-02 22:55:43,1422194345147453443
2021-08-02 22:56:52,1422194559816138755
2021-08-02 22:56:59,1422194584289890310
2021-08-02 22:57:08,1422194612311977991
2021-08-02 22:57:47,1422194734781505543
2021-08-02 22:57:54,1422194740817141760
2021-08-02 22:58:31,1422195018068938758
2021-08-04 22:47:33,1422917058535190538
2021-08-04 22:53:50,1422918659236798473
2021-08-04 22:55:30,1422919039706230784
2021-08-04 22:56:10,1422919272729169920
2021-08-04 23:02:20,1422919671913713666
2021-08-04 23:02:57,1422920973649473537
2021-08-04 23:06:50,1422921852523933696
2021-08-04 23:07:30,1422922012352151559
2021-08-04 23:07:38,1422922027111907329
2021-08-04 23:07:47,1422922123245285378
2021-08-04 23:08:57,1422922480436486148
2021-08-04 23:09:08,1422922481971580928
2021-08-04 23:09:47,1422922641501917184
2021-08-04 23:10:27,1422922818858090497
2021-08-04 23:10:35,1422922847945515008
2021-08-04 23:13:17,1422923503397789697
2021-08-04 23:15:00,1422923939727118340
2021-08-04 23:22:10,1422925813532401665
2021-08-04 23:23:23,1422926106777178123
2021-08-04 23:24:01,1422926125706084357
2021-08-04 23:24:09,1422926293578838018
2021-08-04 23:24:48,1422926344862584839
2021-08-04 23:24:57,1422926423778422803
2021-08-04 23:25:35,1422926599209426946
2021-08-04 23:32:39,1422928412667039746
2021-08-04 23:37:05,1422929527353741320
2021-08-04 23:39:32,1422930136794505222
2021-08-04 23:39:40,1422930142448414720
2021-08-04 23:40:19,1422930300045185033
2021-08-04 23:41:29,1422930610880872448
2021-08-04 23:42:10,1422930773108137986
2021-08-04 23:45:22,1422931614196060163
2021-08-04 23:45:32,1422931663793709066
2021-08-04 23:46:11,1422931709184540680
2021-08-04 23:46:51,1422931932526956545
2021-08-04 23:58:18,1422934903616774150
2021-08-04 23:59:00,1422934968137764866
2021-08-04 23:59:08,1422935002010947587
2021-08-04 23:59:46,1422935107308949514
2021-08-04 23:59:53,1422935251098079238
2021-08-05 00:00:00,1422935256223473667
2021-08-05 00:00:37,1422935395231170560
2021-08-05 00:00:46,1422935421063811072
2021-08-05 00:00:54,1422935488847966214
2021-08-05 00:06:48,1422935603935539201
2021-08-05 00:09:31,1422937706624020494
2021-08-05 00:10:10,1422937783849476098
2021-08-05 00:11:22,1422938078545465349
2021-08-05 00:13:32,1422938736006819841
2021-08-06 22:51:52,1423642882498449415
2021-08-06 23:00:29,1423645139273060359
2021-08-06 23:01:05,1423645207589883913
2021-08-06 23:01:41,1423645326494208011
2021-08-06 23:01:49,1423645341648244739
2021-08-06 23:01:57,1423645366872772617
2021-08-06 23:02:05,1423645422040457221
2021-08-06 23:02:41,1423645466625933317
2021-08-06 23:02:49,1423645695077064712
2021-08-06 23:04:03,1423645722432262148
2021-08-06 23:04:11,1423645758134243333
2021-08-06 23:10:18,1423647595847577612
2021-08-06 23:10:55,1423647707801870337
2021-08-06 23:11:03,1423647750244081664
2021-08-06 23:11:39,1423647814026895367
2021-08-06 23:12:15,1423648104771850249
2021-08-06 23:12:51,1423648113156190208
2021-08-06 23:13:00,1423648171993960449
2021-08-06 23:13:36,1423648318740045827
2021-08-06 23:13:44,1423648349844955140
2021-08-06 23:14:21,1423648532569812995
2021-08-06 23:24:07,1423651039375368192
2021-08-06 23:25:25,1423651221831786497
2021-08-06 23:25:34,1423651242245427208
2021-08-06 23:25:43,1423651259534364673
2021-08-06 23:25:51,1423651298163838984
2021-08-06 23:25:59,1423651313364049925
2021-08-06 23:26:08,1423651327230369802
2021-08-07 22:35:30,1424001139331063812
2021-08-07 22:41:24,1424002678972055556
2021-08-07 22:43:22,1424003193617272839
2021-08-07 22:43:30,1424003210918830081
2021-08-07 22:44:06,1424003287494258694
2021-08-07 22:44:14,1424003340136898566
2021-08-07 22:44:50,1424003442003959812
2021-08-07 22:44:57,1424003449771880461
2021-08-07 22:45:05,1424003478146281475
2021-08-07 22:45:13,1424003484270006272
2021-08-07 22:45:21,1424003581494005763
2021-08-07 22:53:38,1424005741770280965
2021-08-07 22:54:20,1424005917968719875
2021-08-07 22:54:55,1424005981088874499
2021-08-07 22:55:31,1424006184948813828
2021-08-07 22:55:39,1424006187746435073
2021-08-07 22:55:49,1424006237264306178
2021-08-07 22:55:58,1424006243132141577
2021-08-07 22:56:06,1424006266376970242
2021-08-07 22:56:43,1424006412485623808
2021-08-07 22:56:52,1424006516827328520
2021-08-07 22:57:28,1424006586016567298
2021-08-07 23:01:32,1424007685985300493
2021-08-07 23:01:40,1424007722672955394
2021-08-07 23:02:17,1424007862561304586
2021-08-07 23:03:20,1424008195220013059
2021-08-07 23:03:54,1424008372060254208
2021-08-08 22:15:59,1424358723883995138
2021-08-08 22:19:41,1424359559003471876
2021-08-08 22:20:17,1424359773491716096
2021-08-08 22:21:47,1424360109426167809
2021-08-08 22:21:55,1424360139457327104
2021-08-08 22:22:31,1424360204078964742
2021-08-08 22:22:39,1424360286681587722
2021-08-08 22:22:48,1424360341916377097
2021-08-08 22:23:24,1424360503107735553
2021-08-08 22:24:55,1424360886525779970
2021-08-08 22:25:03,1424360911226097675
2021-08-08 22:25:39,1424360978083319812
2021-08-08 22:29:35,1424362065448235009
2021-08-08 22:30:11,1424362228111745033
2021-08-08 22:30:19,1424362237796380676
2021-08-08 22:30:55,1424362367492628482
2021-08-08 22:31:03,1424362378397851659
2021-08-08 22:31:10,1424362389386846209
2021-08-08 22:31:18,1424362480252317699
2021-08-08 22:31:54,1424362619142504452
2021-08-08 22:32:29,1424362846138241034
2021-08-08 22:33:05,1424362941269172225
2021-08-08 22:33:41,1424363100644331524
2021-08-08 22:35:10,1424363538886193160
2021-08-08 22:42:37,1424365362527703049
2021-08-08 22:44:08,1424365788366991364
2021-08-08 22:44:16,1424365803424542728
2021-08-08 22:45:18,1424366036401364995
2021-08-08 22:55:41,1424368627214557184
2021-08-08 22:55:50,1424368691722952704
2021-08-08 22:56:24,1424368880613396482
2021-08-08 22:56:31,1424368899441627139
2021-08-08 22:57:08,1424368926062825473
2021-08-08 22:57:16,1424368980743970817
2021-08-08 22:57:24,1424368999744217089
2021-08-08 22:57:31,1424369026277511172
2021-08-08 22:59:44,1424369284269023233
2021-08-08 23:03:03,1424370572360708099
2021-08-08 23:04:08,1424370763935543301
2021-08-08 23:05:39,1424371176273432578
2021-08-08 23:06:43,1424371484370235406
2021-08-08 23:07:18,1424371516871872515
2021-08-08 23:07:28,1424371597788389382
2021-08-08 23:08:03,1424371702801190918
2021-08-08 23:08:40,1424371889342881793
2021-08-08 23:09:17,1424371999707602950
2021-08-08 23:20:13,1424374794791886858
2021-08-08 23:20:50,1424374932281073673
2021-08-08 23:20:59,1424375042121420804
2021-08-08 23:23:42,1424375094202167296
2021-08-08 23:23:49,1424375115060453379
2021-08-08 23:23:56,1424375256404226049
2021-08-09 22:19:43,1424722056596267012
2021-08-09 22:28:52,1424724279170461696
2021-08-09 22:29:28,1424724417779699712
2021-08-09 22:29:33,1424724418312380416
2021-08-09 22:29:38,1424724435550965772
2021-08-09 22:29:43,1424724479498801157
2021-08-09 22:29:47,1424724504295604227
2021-08-09 22:30:22,1424724544795774981
2021-08-09 22:30:23,1424724544795774981
2021-08-09 22:30:28,1424724584113135619
2021-08-09 22:30:32,1424724585723826182
2021-08-09 22:30:37,1424724643752013824
2021-08-09 22:32:52,1424725333828276228
2021-08-09 22:34:27,1424725652532432899
2021-08-09 22:34:32,1424725752461729796
2021-08-09 22:35:07,1424725817142124552
2021-08-09 22:35:11,1424725855046017028
2021-08-09 22:35:15,1424725915695665155
2021-08-09 22:35:50,1424725978803163145
2021-08-09 22:35:55,1424726020460929029
2021-08-09 22:37:00,1424726301118631942
2021-08-09 22:37:35,1424726463081680897
2021-08-09 22:38:10,1424726676999589889
2021-08-09 22:38:44,1424726755835670529
2021-08-09 22:46:26,1424728668207607815
2021-08-09 22:48:02,1424729119208579075
2021-08-09 22:48:15,1424729120164904967
2021-08-09 22:48:51,1424729214033403906
2021-08-09 22:48:57,1424729249290670080
2021-08-09 22:49:01,1424729281809182720
2021-08-09 22:49:06,1424729329120944129
2021-08-09 22:49:11,1424729343649992704
2021-08-09 22:49:46,1424729438604853253
2021-08-09 22:54:05,1424730664876711944
2021-08-09 22:56:12,1424731110802558979
2021-08-09 22:56:48,1424731300179562502
2021-08-09 22:56:53,1424731312703754247
2021-08-09 22:57:28,1424731472187981833
2021-08-09 22:57:33,1424731526495838215
2021-08-09 22:58:09,1424731634671128578
2021-08-09 22:58:14,1424731648290025479
2021-08-09 22:58:49,1424731759845928960
2021-08-09 22:58:53,1424731850363215879
2021-08-09 22:59:27,1424732057209434112
2021-08-09 23:05:54,1424733553535819788
2021-08-09 23:05:59,1424733647706345473
2021-08-09 23:06:36,1424733759857782788
2021-08-09 23:06:40,1424733788936884238
2021-08-09 23:07:17,1424733877961064451
2021-08-09 23:07:22,1424733925419544580
2021-08-09 23:07:28,1424733970336391181
2021-08-09 23:08:03,1424734183339925507
2021-08-09 23:09:10,1424734417583435782
2021-08-09 23:13:33,1424735599630569477
2021-08-09 23:14:09,1424735629137481735
2021-08-09 23:15:16,1424735936504418304
2021-08-09 23:15:53,1424736089646899211
2021-08-09 23:17:00,1424736406576853001
2021-08-09 23:17:35,1424736528828305426
2021-08-09 23:17:38,1424736537565044736
2021-08-09 23:28:46,1424739415302107143
2021-08-09 23:30:23,1424739774011613189
2021-08-09 23:30:29,1424739792927924226
2021-08-09 23:32:07,1424740163687571457
2021-08-09 23:32:13,1424740208797372419
2021-08-09 23:32:50,1424740342356582406
2021-08-09 23:32:54,1424740358043299845
2021-08-09 23:33:00,1424740394756042756
2021-08-09 23:38:31,1424741833125466113
2021-08-09 23:39:38,1424742073282875396
2021-08-09 23:39:43,1424742113988669446
2021-08-09 23:39:49,1424742138814681089
2021-08-09 23:41:26,1424742533926588437
2021-08-09 23:42:00,1424742749765472264
2021-08-09 23:43:06,1424742960994787336
2021-08-09 23:43:41,1424743084248555527
2021-08-09 23:44:15,1424743205841506313
2021-08-13 22:36:43,1426175773811953673
2021-08-13 22:52:39,1426179860431466505
2021-08-13 22:57:47,1426181112905179144
2021-08-13 22:57:54,1426181156253274116
2021-08-13 22:58:22,1426181213639700488
2021-08-13 22:59:13,1426181454430556167
2021-08-13 23:00:25,1426181767317180421
2021-08-13 23:00:31,1426181812414423040
2021-08-13 23:01:21,1426182027116650497
2021-08-13 23:21:45,1426187164459487235
2021-08-13 23:31:10,1426189524896403457
2021-08-13 23:32:23,1426189835883012098
2021-08-13 23:33:13,1426190047288512515
2021-08-13 23:33:13,1426190047288512515
2021-08-13 23:33:19,1426190049775812609
2021-08-13 23:33:23,1426190065974190080
2021-08-13 23:33:51,1426190204545560580
2021-08-13 23:33:56,1426190225953357827
2021-08-13 23:34:23,1426190278260498438
2021-08-13 23:34:29,1426190306601406471
2021-08-13 23:34:34,1426190365049065473
2021-08-13 23:35:25,1426190612370313221
2021-08-13 23:35:53,1426190722378526720
2021-08-13 23:37:05,1426191008409153540
2021-08-13 23:37:33,1426191130375254022
2021-08-13 23:38:01,1426191243256553481
2021-08-13 23:38:06,1426191304027885572
2021-08-13 23:38:35,1426191309614718985
2021-08-13 23:38:41,1426191409120301056
2021-08-13 23:39:31,1426191663320363016
2021-08-13 23:40:22,1426191857814441987
2021-08-13 23:43:15,1234
2021-08-13 23:43:22,1234
2021-08-13 23:43:29,1234
2021-08-13 23:43:33,1234
2021-08-13 23:43:37,1234
2021-08-13 23:43:42,1234
2021-08-13 23:43:48,1234
2021-08-13 23:43:52,1234
2021-08-13 23:43:55,1234
2021-08-13 23:43:59,1234
2021-08-13 23:55:53,1426195770617724935
2021-08-13 23:57:50,1426196273212715011
2021-08-13 23:58:41,1426196454301782020
2021-08-13 23:59:32,1426196664662970368
2021-08-14 00:00:02,1426196772041289737
2021-08-14 00:00:51,1426197022483173377
2021-08-14 00:02:04,1426197286648909824
2021-08-14 00:03:15,1426197640362938379
2021-08-14 00:04:05,1426197776203862022
2021-08-14 00:04:11,1426197805886889984
2021-08-14 00:04:39,1426197894260920323
2021-08-14 00:04:45,1426197938024292352
2021-08-14 00:04:50,1426197948119928837
2021-08-14 00:04:55,1426197975617835014
2021-08-14 00:05:23,1426198022673682441
2021-08-14 00:05:28,1426198031918002186
2021-08-14 00:05:34,1426198118270337026
2021-08-14 00:05:38,1426198174654337024
2021-08-14 00:05:46,1426198188310945794
2021-08-14 00:06:13,1426198216815480835
2021-08-14 00:06:19,1426198334121799683
